"Plot","SubPlot","Herbivory","yr","uidplot","taxa","cover"
"2",4,"Partial","2017","Partial2","Sporobolus rigens",2
"2",4,"Partial","2017","Partial2","Noticastrum sericeum",1
"2",4,"Partial","2017","Partial2","Panicum urvilleanum",3
"2",4,"Partial","2017","Partial2","Hoffmannseggia trifoliata",4
"2",4,"Partial","2017","Partial2","Plantago patagonica",2
"2",4,"Partial","2017","Partial2","Nassella tenuis",20
"2",4,"Partial","2017","Partial2","Poa lanuginosa",0
"2",4,"Partial","2017","Partial2","Vicia pampicola",0
"2",3,"Exclosure","2017","Exclosure2","Sporobolus rigens",3
"2",3,"Exclosure","2017","Exclosure2","Noticastrum sericeum",1
"2",3,"Exclosure","2017","Exclosure2","Panicum urvilleanum",0
"2",3,"Exclosure","2017","Exclosure2","Hoffmannseggia trifoliata",0
"2",3,"Exclosure","2017","Exclosure2","Plantago patagonica",0
"2",3,"Exclosure","2017","Exclosure2","Nassella tenuis",50
"2",3,"Exclosure","2017","Exclosure2","Poa lanuginosa",0
"2",3,"Exclosure","2017","Exclosure2","Vicia pampicola",0
"2",1,"Control","2017","Control2","Sporobolus rigens",5
"2",1,"Control","2017","Control2","Noticastrum sericeum",1
"2",1,"Control","2017","Control2","Panicum urvilleanum",1
"2",1,"Control","2017","Control2","Hoffmannseggia trifoliata",0
"2",1,"Control","2017","Control2","Plantago patagonica",1
"2",1,"Control","2017","Control2","Nassella tenuis",8
"2",1,"Control","2017","Control2","Poa lanuginosa",0
"2",1,"Control","2017","Control2","Vicia pampicola",0
"1",4,"Partial","2017","Partial1","Sporobolus rigens",3
"1",4,"Partial","2017","Partial1","Noticastrum sericeum",0
"1",4,"Partial","2017","Partial1","Panicum urvilleanum",2
"1",4,"Partial","2017","Partial1","Hoffmannseggia trifoliata",0
"1",4,"Partial","2017","Partial1","Plantago patagonica",0
"1",4,"Partial","2017","Partial1","Nassella tenuis",30
"1",4,"Partial","2017","Partial1","Poa lanuginosa",0
"1",4,"Partial","2017","Partial1","Vicia pampicola",0
"1",3,"Exclosure","2017","Exclosure1","Sporobolus rigens",3
"1",3,"Exclosure","2017","Exclosure1","Noticastrum sericeum",0
"1",3,"Exclosure","2017","Exclosure1","Panicum urvilleanum",2
"1",3,"Exclosure","2017","Exclosure1","Hoffmannseggia trifoliata",0
"1",3,"Exclosure","2017","Exclosure1","Plantago patagonica",0
"1",3,"Exclosure","2017","Exclosure1","Nassella tenuis",40
"1",3,"Exclosure","2017","Exclosure1","Poa lanuginosa",0
"1",3,"Exclosure","2017","Exclosure1","Vicia pampicola",0
"1",1,"Control","2017","Control1","Sporobolus rigens",15
"1",1,"Control","2017","Control1","Noticastrum sericeum",1
"1",1,"Control","2017","Control1","Panicum urvilleanum",2
"1",1,"Control","2017","Control1","Hoffmannseggia trifoliata",0
"1",1,"Control","2017","Control1","Plantago patagonica",0
"1",1,"Control","2017","Control1","Nassella tenuis",5
"1",1,"Control","2017","Control1","Poa lanuginosa",0
"1",1,"Control","2017","Control1","Vicia pampicola",0
"3",4,"Partial","2017","Partial3","Sporobolus rigens",0
"3",4,"Partial","2017","Partial3","Noticastrum sericeum",9
"3",4,"Partial","2017","Partial3","Panicum urvilleanum",10
"3",4,"Partial","2017","Partial3","Hoffmannseggia trifoliata",2
"3",4,"Partial","2017","Partial3","Plantago patagonica",0
"3",4,"Partial","2017","Partial3","Nassella tenuis",15
"3",4,"Partial","2017","Partial3","Poa lanuginosa",0
"3",4,"Partial","2017","Partial3","Vicia pampicola",0
"3",3,"Exclosure","2017","Exclosure3","Sporobolus rigens",1
"3",3,"Exclosure","2017","Exclosure3","Noticastrum sericeum",4
"3",3,"Exclosure","2017","Exclosure3","Panicum urvilleanum",4
"3",3,"Exclosure","2017","Exclosure3","Hoffmannseggia trifoliata",0
"3",3,"Exclosure","2017","Exclosure3","Plantago patagonica",1
"3",3,"Exclosure","2017","Exclosure3","Nassella tenuis",7
"3",3,"Exclosure","2017","Exclosure3","Poa lanuginosa",0
"3",3,"Exclosure","2017","Exclosure3","Vicia pampicola",0
"3",1,"Control","2017","Control3","Sporobolus rigens",3
"3",1,"Control","2017","Control3","Noticastrum sericeum",1
"3",1,"Control","2017","Control3","Panicum urvilleanum",0
"3",1,"Control","2017","Control3","Hoffmannseggia trifoliata",0
"3",1,"Control","2017","Control3","Plantago patagonica",0
"3",1,"Control","2017","Control3","Nassella tenuis",13
"3",1,"Control","2017","Control3","Poa lanuginosa",0
"3",1,"Control","2017","Control3","Vicia pampicola",0
"4",4,"Partial","2017","Partial4","Sporobolus rigens",5
"4",4,"Partial","2017","Partial4","Noticastrum sericeum",0
"4",4,"Partial","2017","Partial4","Panicum urvilleanum",0
"4",4,"Partial","2017","Partial4","Hoffmannseggia trifoliata",0
"4",4,"Partial","2017","Partial4","Plantago patagonica",2
"4",4,"Partial","2017","Partial4","Nassella tenuis",20
"4",4,"Partial","2017","Partial4","Poa lanuginosa",0
"4",4,"Partial","2017","Partial4","Vicia pampicola",0
"4",3,"Exclosure","2017","Exclosure4","Sporobolus rigens",10
"4",3,"Exclosure","2017","Exclosure4","Noticastrum sericeum",0
"4",3,"Exclosure","2017","Exclosure4","Panicum urvilleanum",0
"4",3,"Exclosure","2017","Exclosure4","Hoffmannseggia trifoliata",0
"4",3,"Exclosure","2017","Exclosure4","Plantago patagonica",1
"4",3,"Exclosure","2017","Exclosure4","Nassella tenuis",15
"4",3,"Exclosure","2017","Exclosure4","Poa lanuginosa",0
"4",3,"Exclosure","2017","Exclosure4","Vicia pampicola",0
"4",1,"Control","2017","Control4","Sporobolus rigens",25
"4",1,"Control","2017","Control4","Noticastrum sericeum",0
"4",1,"Control","2017","Control4","Panicum urvilleanum",0
"4",1,"Control","2017","Control4","Hoffmannseggia trifoliata",0
"4",1,"Control","2017","Control4","Plantago patagonica",0
"4",1,"Control","2017","Control4","Nassella tenuis",10
"4",1,"Control","2017","Control4","Poa lanuginosa",0
"4",1,"Control","2017","Control4","Vicia pampicola",0
"5",4,"Partial","2017","Partial5","Sporobolus rigens",1
"5",4,"Partial","2017","Partial5","Noticastrum sericeum",2
"5",4,"Partial","2017","Partial5","Panicum urvilleanum",0
"5",4,"Partial","2017","Partial5","Hoffmannseggia trifoliata",0
"5",4,"Partial","2017","Partial5","Plantago patagonica",0
"5",4,"Partial","2017","Partial5","Nassella tenuis",35
"5",4,"Partial","2017","Partial5","Poa lanuginosa",0
"5",4,"Partial","2017","Partial5","Vicia pampicola",0
"5",3,"Exclosure","2017","Exclosure5","Sporobolus rigens",3
"5",3,"Exclosure","2017","Exclosure5","Noticastrum sericeum",7
"5",3,"Exclosure","2017","Exclosure5","Panicum urvilleanum",0
"5",3,"Exclosure","2017","Exclosure5","Hoffmannseggia trifoliata",0
"5",3,"Exclosure","2017","Exclosure5","Plantago patagonica",0
"5",3,"Exclosure","2017","Exclosure5","Nassella tenuis",35
"5",3,"Exclosure","2017","Exclosure5","Poa lanuginosa",4
"5",3,"Exclosure","2017","Exclosure5","Vicia pampicola",0
"5",1,"Control","2017","Control5","Sporobolus rigens",1
"5",1,"Control","2017","Control5","Noticastrum sericeum",1
"5",1,"Control","2017","Control5","Panicum urvilleanum",0
"5",1,"Control","2017","Control5","Hoffmannseggia trifoliata",0
"5",1,"Control","2017","Control5","Plantago patagonica",0
"5",1,"Control","2017","Control5","Nassella tenuis",15
"5",1,"Control","2017","Control5","Poa lanuginosa",0
"5",1,"Control","2017","Control5","Vicia pampicola",0
"6",4,"Partial","2017","Partial6","Sporobolus rigens",10
"6",4,"Partial","2017","Partial6","Noticastrum sericeum",0
"6",4,"Partial","2017","Partial6","Panicum urvilleanum",0
"6",4,"Partial","2017","Partial6","Hoffmannseggia trifoliata",0
"6",4,"Partial","2017","Partial6","Plantago patagonica",0
"6",4,"Partial","2017","Partial6","Nassella tenuis",7
"6",4,"Partial","2017","Partial6","Poa lanuginosa",0
"6",4,"Partial","2017","Partial6","Vicia pampicola",0
"6",3,"Exclosure","2017","Exclosure6","Sporobolus rigens",2
"6",3,"Exclosure","2017","Exclosure6","Noticastrum sericeum",2
"6",3,"Exclosure","2017","Exclosure6","Panicum urvilleanum",0
"6",3,"Exclosure","2017","Exclosure6","Hoffmannseggia trifoliata",0
"6",3,"Exclosure","2017","Exclosure6","Plantago patagonica",0
"6",3,"Exclosure","2017","Exclosure6","Nassella tenuis",7
"6",3,"Exclosure","2017","Exclosure6","Poa lanuginosa",1
"6",3,"Exclosure","2017","Exclosure6","Vicia pampicola",0
"6",1,"Control","2017","Control6","Sporobolus rigens",2
"6",1,"Control","2017","Control6","Noticastrum sericeum",1
"6",1,"Control","2017","Control6","Panicum urvilleanum",0
"6",1,"Control","2017","Control6","Hoffmannseggia trifoliata",0
"6",1,"Control","2017","Control6","Plantago patagonica",3
"6",1,"Control","2017","Control6","Nassella tenuis",10
"6",1,"Control","2017","Control6","Poa lanuginosa",0
"6",1,"Control","2017","Control6","Vicia pampicola",0
"1",4,"Partial","2018","Partial1","Sporobolus rigens",4
"1",4,"Partial","2018","Partial1","Noticastrum sericeum",0
"1",4,"Partial","2018","Partial1","Panicum urvilleanum",0
"1",4,"Partial","2018","Partial1","Hoffmannseggia trifoliata",0
"1",4,"Partial","2018","Partial1","Plantago patagonica",0
"1",4,"Partial","2018","Partial1","Nassella tenuis",30
"1",4,"Partial","2018","Partial1","Poa lanuginosa",2
"1",4,"Partial","2018","Partial1","Vicia pampicola",0
"1",3,"Exclosure","2018","Exclosure1","Sporobolus rigens",3
"1",3,"Exclosure","2018","Exclosure1","Noticastrum sericeum",1
"1",3,"Exclosure","2018","Exclosure1","Panicum urvilleanum",1
"1",3,"Exclosure","2018","Exclosure1","Hoffmannseggia trifoliata",0
"1",3,"Exclosure","2018","Exclosure1","Plantago patagonica",0
"1",3,"Exclosure","2018","Exclosure1","Nassella tenuis",25
"1",3,"Exclosure","2018","Exclosure1","Poa lanuginosa",1
"1",3,"Exclosure","2018","Exclosure1","Vicia pampicola",0
"1",1,"Control","2018","Control1","Sporobolus rigens",6
"1",1,"Control","2018","Control1","Noticastrum sericeum",2
"1",1,"Control","2018","Control1","Panicum urvilleanum",1
"1",1,"Control","2018","Control1","Hoffmannseggia trifoliata",0
"1",1,"Control","2018","Control1","Plantago patagonica",0
"1",1,"Control","2018","Control1","Nassella tenuis",15
"1",1,"Control","2018","Control1","Poa lanuginosa",1
"1",1,"Control","2018","Control1","Vicia pampicola",0
"2",1,"Control","2018","Control2","Sporobolus rigens",6
"2",1,"Control","2018","Control2","Noticastrum sericeum",0
"2",1,"Control","2018","Control2","Panicum urvilleanum",0
"2",1,"Control","2018","Control2","Hoffmannseggia trifoliata",0
"2",1,"Control","2018","Control2","Plantago patagonica",1
"2",1,"Control","2018","Control2","Nassella tenuis",15
"2",1,"Control","2018","Control2","Poa lanuginosa",0
"2",1,"Control","2018","Control2","Vicia pampicola",0
"2",3,"Exclosure","2018","Exclosure2","Sporobolus rigens",3
"2",3,"Exclosure","2018","Exclosure2","Noticastrum sericeum",2
"2",3,"Exclosure","2018","Exclosure2","Panicum urvilleanum",1
"2",3,"Exclosure","2018","Exclosure2","Hoffmannseggia trifoliata",0
"2",3,"Exclosure","2018","Exclosure2","Plantago patagonica",0
"2",3,"Exclosure","2018","Exclosure2","Nassella tenuis",30
"2",3,"Exclosure","2018","Exclosure2","Poa lanuginosa",3
"2",3,"Exclosure","2018","Exclosure2","Vicia pampicola",5
"2",4,"Partial","2018","Partial2","Sporobolus rigens",3
"2",4,"Partial","2018","Partial2","Noticastrum sericeum",2
"2",4,"Partial","2018","Partial2","Panicum urvilleanum",5
"2",4,"Partial","2018","Partial2","Hoffmannseggia trifoliata",0
"2",4,"Partial","2018","Partial2","Plantago patagonica",5
"2",4,"Partial","2018","Partial2","Nassella tenuis",25
"2",4,"Partial","2018","Partial2","Poa lanuginosa",1
"2",4,"Partial","2018","Partial2","Vicia pampicola",2
"4",3,"Exclosure","2018","Exclosure4","Sporobolus rigens",5
"4",3,"Exclosure","2018","Exclosure4","Noticastrum sericeum",0
"4",3,"Exclosure","2018","Exclosure4","Panicum urvilleanum",0
"4",3,"Exclosure","2018","Exclosure4","Hoffmannseggia trifoliata",0
"4",3,"Exclosure","2018","Exclosure4","Plantago patagonica",8
"4",3,"Exclosure","2018","Exclosure4","Nassella tenuis",20
"4",3,"Exclosure","2018","Exclosure4","Poa lanuginosa",2
"4",3,"Exclosure","2018","Exclosure4","Vicia pampicola",0
"4",4,"Partial","2018","Partial4","Sporobolus rigens",2
"4",4,"Partial","2018","Partial4","Noticastrum sericeum",1
"4",4,"Partial","2018","Partial4","Panicum urvilleanum",1
"4",4,"Partial","2018","Partial4","Hoffmannseggia trifoliata",0
"4",4,"Partial","2018","Partial4","Plantago patagonica",5
"4",4,"Partial","2018","Partial4","Nassella tenuis",15
"4",4,"Partial","2018","Partial4","Poa lanuginosa",0
"4",4,"Partial","2018","Partial4","Vicia pampicola",0
"4",1,"Control","2018","Control4","Sporobolus rigens",7
"4",1,"Control","2018","Control4","Noticastrum sericeum",2
"4",1,"Control","2018","Control4","Panicum urvilleanum",0
"4",1,"Control","2018","Control4","Hoffmannseggia trifoliata",0
"4",1,"Control","2018","Control4","Plantago patagonica",0
"4",1,"Control","2018","Control4","Nassella tenuis",10
"4",1,"Control","2018","Control4","Poa lanuginosa",1
"4",1,"Control","2018","Control4","Vicia pampicola",0
"3",3,"Exclosure","2018","Exclosure3","Sporobolus rigens",2
"3",3,"Exclosure","2018","Exclosure3","Noticastrum sericeum",3
"3",3,"Exclosure","2018","Exclosure3","Panicum urvilleanum",4
"3",3,"Exclosure","2018","Exclosure3","Hoffmannseggia trifoliata",0
"3",3,"Exclosure","2018","Exclosure3","Plantago patagonica",1
"3",3,"Exclosure","2018","Exclosure3","Nassella tenuis",10
"3",3,"Exclosure","2018","Exclosure3","Poa lanuginosa",0
"3",3,"Exclosure","2018","Exclosure3","Vicia pampicola",7
"3",4,"Partial","2018","Partial3","Sporobolus rigens",0
"3",4,"Partial","2018","Partial3","Noticastrum sericeum",3
"3",4,"Partial","2018","Partial3","Panicum urvilleanum",7
"3",4,"Partial","2018","Partial3","Hoffmannseggia trifoliata",0
"3",4,"Partial","2018","Partial3","Plantago patagonica",0
"3",4,"Partial","2018","Partial3","Nassella tenuis",12
"3",4,"Partial","2018","Partial3","Poa lanuginosa",0
"3",4,"Partial","2018","Partial3","Vicia pampicola",0
"3",1,"Control","2018","Control3","Sporobolus rigens",2
"3",1,"Control","2018","Control3","Noticastrum sericeum",1
"3",1,"Control","2018","Control3","Panicum urvilleanum",0
"3",1,"Control","2018","Control3","Hoffmannseggia trifoliata",0
"3",1,"Control","2018","Control3","Plantago patagonica",0
"3",1,"Control","2018","Control3","Nassella tenuis",15
"3",1,"Control","2018","Control3","Poa lanuginosa",0
"3",1,"Control","2018","Control3","Vicia pampicola",0
"5",3,"Exclosure","2018","Exclosure5","Sporobolus rigens",3
"5",3,"Exclosure","2018","Exclosure5","Noticastrum sericeum",5
"5",3,"Exclosure","2018","Exclosure5","Panicum urvilleanum",0
"5",3,"Exclosure","2018","Exclosure5","Hoffmannseggia trifoliata",0
"5",3,"Exclosure","2018","Exclosure5","Plantago patagonica",0
"5",3,"Exclosure","2018","Exclosure5","Nassella tenuis",35
"5",3,"Exclosure","2018","Exclosure5","Poa lanuginosa",3
"5",3,"Exclosure","2018","Exclosure5","Vicia pampicola",0
"5",4,"Partial","2018","Partial5","Sporobolus rigens",1
"5",4,"Partial","2018","Partial5","Noticastrum sericeum",2
"5",4,"Partial","2018","Partial5","Panicum urvilleanum",0
"5",4,"Partial","2018","Partial5","Hoffmannseggia trifoliata",0
"5",4,"Partial","2018","Partial5","Plantago patagonica",0
"5",4,"Partial","2018","Partial5","Nassella tenuis",30
"5",4,"Partial","2018","Partial5","Poa lanuginosa",0
"5",4,"Partial","2018","Partial5","Vicia pampicola",0
"5",1,"Control","2018","Control5","Sporobolus rigens",2
"5",1,"Control","2018","Control5","Noticastrum sericeum",0
"5",1,"Control","2018","Control5","Panicum urvilleanum",0
"5",1,"Control","2018","Control5","Hoffmannseggia trifoliata",0
"5",1,"Control","2018","Control5","Plantago patagonica",0
"5",1,"Control","2018","Control5","Nassella tenuis",7
"5",1,"Control","2018","Control5","Poa lanuginosa",2
"5",1,"Control","2018","Control5","Vicia pampicola",0
"6",3,"Exclosure","2018","Exclosure6","Sporobolus rigens",3
"6",3,"Exclosure","2018","Exclosure6","Noticastrum sericeum",4
"6",3,"Exclosure","2018","Exclosure6","Panicum urvilleanum",0
"6",3,"Exclosure","2018","Exclosure6","Hoffmannseggia trifoliata",2
"6",3,"Exclosure","2018","Exclosure6","Plantago patagonica",0
"6",3,"Exclosure","2018","Exclosure6","Nassella tenuis",6
"6",3,"Exclosure","2018","Exclosure6","Poa lanuginosa",3
"6",3,"Exclosure","2018","Exclosure6","Vicia pampicola",0
"6",4,"Partial","2018","Partial6","Sporobolus rigens",2
"6",4,"Partial","2018","Partial6","Noticastrum sericeum",0
"6",4,"Partial","2018","Partial6","Panicum urvilleanum",0
"6",4,"Partial","2018","Partial6","Hoffmannseggia trifoliata",0
"6",4,"Partial","2018","Partial6","Plantago patagonica",0
"6",4,"Partial","2018","Partial6","Nassella tenuis",5
"6",4,"Partial","2018","Partial6","Poa lanuginosa",1
"6",4,"Partial","2018","Partial6","Vicia pampicola",0
"6",1,"Control","2018","Control6","Sporobolus rigens",1
"6",1,"Control","2018","Control6","Noticastrum sericeum",0
"6",1,"Control","2018","Control6","Panicum urvilleanum",0
"6",1,"Control","2018","Control6","Hoffmannseggia trifoliata",0
"6",1,"Control","2018","Control6","Plantago patagonica",1
"6",1,"Control","2018","Control6","Nassella tenuis",10
"6",1,"Control","2018","Control6","Poa lanuginosa",0
"6",1,"Control","2018","Control6","Vicia pampicola",0
"1",4,"Partial","2019","Partial1","Sporobolus rigens",1
"1",4,"Partial","2019","Partial1","Noticastrum sericeum",1
"1",4,"Partial","2019","Partial1","Panicum urvilleanum",1
"1",4,"Partial","2019","Partial1","Hoffmannseggia trifoliata",0
"1",4,"Partial","2019","Partial1","Plantago patagonica",0
"1",4,"Partial","2019","Partial1","Nassella tenuis",37
"1",4,"Partial","2019","Partial1","Poa lanuginosa",0
"1",4,"Partial","2019","Partial1","Vicia pampicola",0
"1",3,"Exclosure","2019","Exclosure1","Sporobolus rigens",2
"1",3,"Exclosure","2019","Exclosure1","Noticastrum sericeum",1
"1",3,"Exclosure","2019","Exclosure1","Panicum urvilleanum",2
"1",3,"Exclosure","2019","Exclosure1","Hoffmannseggia trifoliata",0
"1",3,"Exclosure","2019","Exclosure1","Plantago patagonica",0
"1",3,"Exclosure","2019","Exclosure1","Nassella tenuis",50
"1",3,"Exclosure","2019","Exclosure1","Poa lanuginosa",0
"1",3,"Exclosure","2019","Exclosure1","Vicia pampicola",0
"1",1,"Control","2019","Control1","Sporobolus rigens",6
"1",1,"Control","2019","Control1","Noticastrum sericeum",1
"1",1,"Control","2019","Control1","Panicum urvilleanum",1
"1",1,"Control","2019","Control1","Hoffmannseggia trifoliata",0
"1",1,"Control","2019","Control1","Plantago patagonica",0
"1",1,"Control","2019","Control1","Nassella tenuis",16
"1",1,"Control","2019","Control1","Poa lanuginosa",0
"1",1,"Control","2019","Control1","Vicia pampicola",0
"2",1,"Control","2019","Control2","Sporobolus rigens",4
"2",1,"Control","2019","Control2","Noticastrum sericeum",0
"2",1,"Control","2019","Control2","Panicum urvilleanum",1
"2",1,"Control","2019","Control2","Hoffmannseggia trifoliata",0
"2",1,"Control","2019","Control2","Plantago patagonica",1
"2",1,"Control","2019","Control2","Nassella tenuis",15
"2",1,"Control","2019","Control2","Poa lanuginosa",1
"2",1,"Control","2019","Control2","Vicia pampicola",0
"2",3,"Exclosure","2019","Exclosure2","Sporobolus rigens",2
"2",3,"Exclosure","2019","Exclosure2","Noticastrum sericeum",2
"2",3,"Exclosure","2019","Exclosure2","Panicum urvilleanum",1
"2",3,"Exclosure","2019","Exclosure2","Hoffmannseggia trifoliata",0
"2",3,"Exclosure","2019","Exclosure2","Plantago patagonica",0
"2",3,"Exclosure","2019","Exclosure2","Nassella tenuis",35
"2",3,"Exclosure","2019","Exclosure2","Poa lanuginosa",1
"2",3,"Exclosure","2019","Exclosure2","Vicia pampicola",2
"2",4,"Partial","2019","Partial2","Sporobolus rigens",3
"2",4,"Partial","2019","Partial2","Noticastrum sericeum",2
"2",4,"Partial","2019","Partial2","Panicum urvilleanum",3
"2",4,"Partial","2019","Partial2","Hoffmannseggia trifoliata",0
"2",4,"Partial","2019","Partial2","Plantago patagonica",4
"2",4,"Partial","2019","Partial2","Nassella tenuis",25
"2",4,"Partial","2019","Partial2","Poa lanuginosa",0
"2",4,"Partial","2019","Partial2","Vicia pampicola",0
"4",3,"Exclosure","2019","Exclosure4","Sporobolus rigens",8
"4",3,"Exclosure","2019","Exclosure4","Noticastrum sericeum",0
"4",3,"Exclosure","2019","Exclosure4","Panicum urvilleanum",0
"4",3,"Exclosure","2019","Exclosure4","Hoffmannseggia trifoliata",0
"4",3,"Exclosure","2019","Exclosure4","Plantago patagonica",40
"4",3,"Exclosure","2019","Exclosure4","Nassella tenuis",25
"4",3,"Exclosure","2019","Exclosure4","Poa lanuginosa",0
"4",3,"Exclosure","2019","Exclosure4","Vicia pampicola",0
"4",4,"Partial","2019","Partial4","Sporobolus rigens",2
"4",4,"Partial","2019","Partial4","Noticastrum sericeum",1
"4",4,"Partial","2019","Partial4","Panicum urvilleanum",1
"4",4,"Partial","2019","Partial4","Hoffmannseggia trifoliata",0
"4",4,"Partial","2019","Partial4","Plantago patagonica",30
"4",4,"Partial","2019","Partial4","Nassella tenuis",15
"4",4,"Partial","2019","Partial4","Poa lanuginosa",0
"4",4,"Partial","2019","Partial4","Vicia pampicola",0
"4",1,"Control","2019","Control4","Sporobolus rigens",20
"4",1,"Control","2019","Control4","Noticastrum sericeum",1
"4",1,"Control","2019","Control4","Panicum urvilleanum",0
"4",1,"Control","2019","Control4","Hoffmannseggia trifoliata",0
"4",1,"Control","2019","Control4","Plantago patagonica",0
"4",1,"Control","2019","Control4","Nassella tenuis",10
"4",1,"Control","2019","Control4","Poa lanuginosa",0
"4",1,"Control","2019","Control4","Vicia pampicola",0
"3",3,"Exclosure","2019","Exclosure3","Sporobolus rigens",1
"3",3,"Exclosure","2019","Exclosure3","Noticastrum sericeum",1
"3",3,"Exclosure","2019","Exclosure3","Panicum urvilleanum",2
"3",3,"Exclosure","2019","Exclosure3","Hoffmannseggia trifoliata",0
"3",3,"Exclosure","2019","Exclosure3","Plantago patagonica",1
"3",3,"Exclosure","2019","Exclosure3","Nassella tenuis",3
"3",3,"Exclosure","2019","Exclosure3","Poa lanuginosa",0
"3",3,"Exclosure","2019","Exclosure3","Vicia pampicola",0
"3",4,"Partial","2019","Partial3","Sporobolus rigens",0
"3",4,"Partial","2019","Partial3","Noticastrum sericeum",4
"3",4,"Partial","2019","Partial3","Panicum urvilleanum",7
"3",4,"Partial","2019","Partial3","Hoffmannseggia trifoliata",0
"3",4,"Partial","2019","Partial3","Plantago patagonica",1
"3",4,"Partial","2019","Partial3","Nassella tenuis",12
"3",4,"Partial","2019","Partial3","Poa lanuginosa",0
"3",4,"Partial","2019","Partial3","Vicia pampicola",0
"3",1,"Control","2019","Control3","Sporobolus rigens",2
"3",1,"Control","2019","Control3","Noticastrum sericeum",1
"3",1,"Control","2019","Control3","Panicum urvilleanum",0
"3",1,"Control","2019","Control3","Hoffmannseggia trifoliata",0
"3",1,"Control","2019","Control3","Plantago patagonica",1
"3",1,"Control","2019","Control3","Nassella tenuis",25
"3",1,"Control","2019","Control3","Poa lanuginosa",0
"3",1,"Control","2019","Control3","Vicia pampicola",0
"5",3,"Exclosure","2019","Exclosure5","Sporobolus rigens",3
"5",3,"Exclosure","2019","Exclosure5","Noticastrum sericeum",5
"5",3,"Exclosure","2019","Exclosure5","Panicum urvilleanum",0
"5",3,"Exclosure","2019","Exclosure5","Hoffmannseggia trifoliata",0
"5",3,"Exclosure","2019","Exclosure5","Plantago patagonica",0
"5",3,"Exclosure","2019","Exclosure5","Nassella tenuis",35
"5",3,"Exclosure","2019","Exclosure5","Poa lanuginosa",1
"5",3,"Exclosure","2019","Exclosure5","Vicia pampicola",0
"5",4,"Partial","2019","Partial5","Sporobolus rigens",1
"5",4,"Partial","2019","Partial5","Noticastrum sericeum",1
"5",4,"Partial","2019","Partial5","Panicum urvilleanum",0
"5",4,"Partial","2019","Partial5","Hoffmannseggia trifoliata",0
"5",4,"Partial","2019","Partial5","Plantago patagonica",0
"5",4,"Partial","2019","Partial5","Nassella tenuis",35
"5",4,"Partial","2019","Partial5","Poa lanuginosa",0
"5",4,"Partial","2019","Partial5","Vicia pampicola",0
"5",1,"Control","2019","Control5","Sporobolus rigens",2
"5",1,"Control","2019","Control5","Noticastrum sericeum",0
"5",1,"Control","2019","Control5","Panicum urvilleanum",0
"5",1,"Control","2019","Control5","Hoffmannseggia trifoliata",0
"5",1,"Control","2019","Control5","Plantago patagonica",0
"5",1,"Control","2019","Control5","Nassella tenuis",10
"5",1,"Control","2019","Control5","Poa lanuginosa",1
"5",1,"Control","2019","Control5","Vicia pampicola",0
"6",3,"Exclosure","2019","Exclosure6","Sporobolus rigens",5
"6",3,"Exclosure","2019","Exclosure6","Noticastrum sericeum",5
"6",3,"Exclosure","2019","Exclosure6","Panicum urvilleanum",0
"6",3,"Exclosure","2019","Exclosure6","Hoffmannseggia trifoliata",3
"6",3,"Exclosure","2019","Exclosure6","Plantago patagonica",1
"6",3,"Exclosure","2019","Exclosure6","Nassella tenuis",35
"6",3,"Exclosure","2019","Exclosure6","Poa lanuginosa",1
"6",3,"Exclosure","2019","Exclosure6","Vicia pampicola",0
"6",4,"Partial","2019","Partial6","Sporobolus rigens",10
"6",4,"Partial","2019","Partial6","Noticastrum sericeum",1
"6",4,"Partial","2019","Partial6","Panicum urvilleanum",0
"6",4,"Partial","2019","Partial6","Hoffmannseggia trifoliata",0
"6",4,"Partial","2019","Partial6","Plantago patagonica",1
"6",4,"Partial","2019","Partial6","Nassella tenuis",15
"6",4,"Partial","2019","Partial6","Poa lanuginosa",1
"6",4,"Partial","2019","Partial6","Vicia pampicola",0
"6",1,"Control","2019","Control6","Sporobolus rigens",3
"6",1,"Control","2019","Control6","Noticastrum sericeum",1
"6",1,"Control","2019","Control6","Panicum urvilleanum",0
"6",1,"Control","2019","Control6","Hoffmannseggia trifoliata",0
"6",1,"Control","2019","Control6","Plantago patagonica",1
"6",1,"Control","2019","Control6","Nassella tenuis",12
"6",1,"Control","2019","Control6","Poa lanuginosa",0
"6",1,"Control","2019","Control6","Vicia pampicola",0
"1",4,"Partial","2020","Partial1","Sporobolus rigens",1
"1",4,"Partial","2020","Partial1","Noticastrum sericeum",1
"1",4,"Partial","2020","Partial1","Panicum urvilleanum",3
"1",4,"Partial","2020","Partial1","Hoffmannseggia trifoliata",0
"1",4,"Partial","2020","Partial1","Plantago patagonica",0
"1",4,"Partial","2020","Partial1","Nassella tenuis",25
"1",4,"Partial","2020","Partial1","Poa lanuginosa",1
"1",4,"Partial","2020","Partial1","Vicia pampicola",0
"1",3,"Exclosure","2020","Exclosure1","Sporobolus rigens",2
"1",3,"Exclosure","2020","Exclosure1","Noticastrum sericeum",1
"1",3,"Exclosure","2020","Exclosure1","Panicum urvilleanum",2
"1",3,"Exclosure","2020","Exclosure1","Hoffmannseggia trifoliata",0
"1",3,"Exclosure","2020","Exclosure1","Plantago patagonica",1
"1",3,"Exclosure","2020","Exclosure1","Nassella tenuis",30
"1",3,"Exclosure","2020","Exclosure1","Poa lanuginosa",0
"1",3,"Exclosure","2020","Exclosure1","Vicia pampicola",0
"1",1,"Control","2020","Control1","Sporobolus rigens",5
"1",1,"Control","2020","Control1","Noticastrum sericeum",2
"1",1,"Control","2020","Control1","Panicum urvilleanum",0
"1",1,"Control","2020","Control1","Hoffmannseggia trifoliata",0
"1",1,"Control","2020","Control1","Plantago patagonica",0
"1",1,"Control","2020","Control1","Nassella tenuis",7
"1",1,"Control","2020","Control1","Poa lanuginosa",3
"1",1,"Control","2020","Control1","Vicia pampicola",0
"2",1,"Control","2020","Control2","Sporobolus rigens",5
"2",1,"Control","2020","Control2","Noticastrum sericeum",0
"2",1,"Control","2020","Control2","Panicum urvilleanum",0
"2",1,"Control","2020","Control2","Hoffmannseggia trifoliata",0
"2",1,"Control","2020","Control2","Plantago patagonica",3
"2",1,"Control","2020","Control2","Nassella tenuis",11
"2",1,"Control","2020","Control2","Poa lanuginosa",0
"2",1,"Control","2020","Control2","Vicia pampicola",0
"2",3,"Exclosure","2020","Exclosure2","Sporobolus rigens",3
"2",3,"Exclosure","2020","Exclosure2","Noticastrum sericeum",3
"2",3,"Exclosure","2020","Exclosure2","Panicum urvilleanum",3
"2",3,"Exclosure","2020","Exclosure2","Hoffmannseggia trifoliata",0
"2",3,"Exclosure","2020","Exclosure2","Plantago patagonica",1
"2",3,"Exclosure","2020","Exclosure2","Nassella tenuis",40
"2",3,"Exclosure","2020","Exclosure2","Poa lanuginosa",0
"2",3,"Exclosure","2020","Exclosure2","Vicia pampicola",1
"2",4,"Partial","2020","Partial2","Sporobolus rigens",7
"2",4,"Partial","2020","Partial2","Noticastrum sericeum",3
"2",4,"Partial","2020","Partial2","Panicum urvilleanum",0
"2",4,"Partial","2020","Partial2","Hoffmannseggia trifoliata",1
"2",4,"Partial","2020","Partial2","Plantago patagonica",10
"2",4,"Partial","2020","Partial2","Nassella tenuis",25
"2",4,"Partial","2020","Partial2","Poa lanuginosa",0
"2",4,"Partial","2020","Partial2","Vicia pampicola",4
"4",3,"Exclosure","2020","Exclosure4","Sporobolus rigens",5
"4",3,"Exclosure","2020","Exclosure4","Noticastrum sericeum",1
"4",3,"Exclosure","2020","Exclosure4","Panicum urvilleanum",0
"4",3,"Exclosure","2020","Exclosure4","Hoffmannseggia trifoliata",0
"4",3,"Exclosure","2020","Exclosure4","Plantago patagonica",33
"4",3,"Exclosure","2020","Exclosure4","Nassella tenuis",4
"4",3,"Exclosure","2020","Exclosure4","Poa lanuginosa",0
"4",3,"Exclosure","2020","Exclosure4","Vicia pampicola",0
"4",4,"Partial","2020","Partial4","Sporobolus rigens",2
"4",4,"Partial","2020","Partial4","Noticastrum sericeum",2
"4",4,"Partial","2020","Partial4","Panicum urvilleanum",1
"4",4,"Partial","2020","Partial4","Hoffmannseggia trifoliata",0
"4",4,"Partial","2020","Partial4","Plantago patagonica",20
"4",4,"Partial","2020","Partial4","Nassella tenuis",15
"4",4,"Partial","2020","Partial4","Poa lanuginosa",0
"4",4,"Partial","2020","Partial4","Vicia pampicola",0
"4",1,"Control","2020","Control4","Sporobolus rigens",20
"4",1,"Control","2020","Control4","Noticastrum sericeum",1
"4",1,"Control","2020","Control4","Panicum urvilleanum",0
"4",1,"Control","2020","Control4","Hoffmannseggia trifoliata",0
"4",1,"Control","2020","Control4","Plantago patagonica",2
"4",1,"Control","2020","Control4","Nassella tenuis",10
"4",1,"Control","2020","Control4","Poa lanuginosa",0
"4",1,"Control","2020","Control4","Vicia pampicola",0
"3",3,"Exclosure","2020","Exclosure3","Sporobolus rigens",2
"3",3,"Exclosure","2020","Exclosure3","Noticastrum sericeum",4
"3",3,"Exclosure","2020","Exclosure3","Panicum urvilleanum",5
"3",3,"Exclosure","2020","Exclosure3","Hoffmannseggia trifoliata",1
"3",3,"Exclosure","2020","Exclosure3","Plantago patagonica",0
"3",3,"Exclosure","2020","Exclosure3","Nassella tenuis",7
"3",3,"Exclosure","2020","Exclosure3","Poa lanuginosa",0
"3",3,"Exclosure","2020","Exclosure3","Vicia pampicola",0
"3",4,"Partial","2020","Partial3","Sporobolus rigens",1
"3",4,"Partial","2020","Partial3","Noticastrum sericeum",4
"3",4,"Partial","2020","Partial3","Panicum urvilleanum",12
"3",4,"Partial","2020","Partial3","Hoffmannseggia trifoliata",0
"3",4,"Partial","2020","Partial3","Plantago patagonica",0
"3",4,"Partial","2020","Partial3","Nassella tenuis",4
"3",4,"Partial","2020","Partial3","Poa lanuginosa",0
"3",4,"Partial","2020","Partial3","Vicia pampicola",0
"3",1,"Control","2020","Control3","Sporobolus rigens",2
"3",1,"Control","2020","Control3","Noticastrum sericeum",2
"3",1,"Control","2020","Control3","Panicum urvilleanum",0
"3",1,"Control","2020","Control3","Hoffmannseggia trifoliata",0
"3",1,"Control","2020","Control3","Plantago patagonica",2
"3",1,"Control","2020","Control3","Nassella tenuis",15
"3",1,"Control","2020","Control3","Poa lanuginosa",0
"3",1,"Control","2020","Control3","Vicia pampicola",0
"5",3,"Exclosure","2020","Exclosure5","Sporobolus rigens",3
"5",3,"Exclosure","2020","Exclosure5","Noticastrum sericeum",8
"5",3,"Exclosure","2020","Exclosure5","Panicum urvilleanum",0
"5",3,"Exclosure","2020","Exclosure5","Hoffmannseggia trifoliata",0
"5",3,"Exclosure","2020","Exclosure5","Plantago patagonica",0
"5",3,"Exclosure","2020","Exclosure5","Nassella tenuis",20
"5",3,"Exclosure","2020","Exclosure5","Poa lanuginosa",0
"5",3,"Exclosure","2020","Exclosure5","Vicia pampicola",0
"5",4,"Partial","2020","Partial5","Sporobolus rigens",2
"5",4,"Partial","2020","Partial5","Noticastrum sericeum",1
"5",4,"Partial","2020","Partial5","Panicum urvilleanum",0
"5",4,"Partial","2020","Partial5","Hoffmannseggia trifoliata",0
"5",4,"Partial","2020","Partial5","Plantago patagonica",0
"5",4,"Partial","2020","Partial5","Nassella tenuis",33
"5",4,"Partial","2020","Partial5","Poa lanuginosa",1
"5",4,"Partial","2020","Partial5","Vicia pampicola",0
"5",1,"Control","2020","Control5","Sporobolus rigens",1
"5",1,"Control","2020","Control5","Noticastrum sericeum",1
"5",1,"Control","2020","Control5","Panicum urvilleanum",0
"5",1,"Control","2020","Control5","Hoffmannseggia trifoliata",0
"5",1,"Control","2020","Control5","Plantago patagonica",0
"5",1,"Control","2020","Control5","Nassella tenuis",10
"5",1,"Control","2020","Control5","Poa lanuginosa",0
"5",1,"Control","2020","Control5","Vicia pampicola",0
"6",3,"Exclosure","2020","Exclosure6","Sporobolus rigens",4
"6",3,"Exclosure","2020","Exclosure6","Noticastrum sericeum",10
"6",3,"Exclosure","2020","Exclosure6","Panicum urvilleanum",0
"6",3,"Exclosure","2020","Exclosure6","Hoffmannseggia trifoliata",5
"6",3,"Exclosure","2020","Exclosure6","Plantago patagonica",1
"6",3,"Exclosure","2020","Exclosure6","Nassella tenuis",25
"6",3,"Exclosure","2020","Exclosure6","Poa lanuginosa",0
"6",3,"Exclosure","2020","Exclosure6","Vicia pampicola",0
"6",4,"Partial","2020","Partial6","Sporobolus rigens",5
"6",4,"Partial","2020","Partial6","Noticastrum sericeum",3
"6",4,"Partial","2020","Partial6","Panicum urvilleanum",0
"6",4,"Partial","2020","Partial6","Hoffmannseggia trifoliata",0
"6",4,"Partial","2020","Partial6","Plantago patagonica",4
"6",4,"Partial","2020","Partial6","Nassella tenuis",10
"6",4,"Partial","2020","Partial6","Poa lanuginosa",0
"6",4,"Partial","2020","Partial6","Vicia pampicola",0
"6",1,"Control","2020","Control6","Sporobolus rigens",4
"6",1,"Control","2020","Control6","Noticastrum sericeum",0
"6",1,"Control","2020","Control6","Panicum urvilleanum",0
"6",1,"Control","2020","Control6","Hoffmannseggia trifoliata",0
"6",1,"Control","2020","Control6","Plantago patagonica",3
"6",1,"Control","2020","Control6","Nassella tenuis",15
"6",1,"Control","2020","Control6","Poa lanuginosa",0
"6",1,"Control","2020","Control6","Vicia pampicola",0
"1",4,"Partial","2021","Partial1","Sporobolus rigens",0
"1",4,"Partial","2021","Partial1","Noticastrum sericeum",2
"1",4,"Partial","2021","Partial1","Panicum urvilleanum",4
"1",4,"Partial","2021","Partial1","Hoffmannseggia trifoliata",0
"1",4,"Partial","2021","Partial1","Plantago patagonica",0
"1",4,"Partial","2021","Partial1","Nassella tenuis",8
"1",4,"Partial","2021","Partial1","Poa lanuginosa",15
"1",4,"Partial","2021","Partial1","Vicia pampicola",0
"1",3,"Exclosure","2021","Exclosure1","Sporobolus rigens",2
"1",3,"Exclosure","2021","Exclosure1","Noticastrum sericeum",4
"1",3,"Exclosure","2021","Exclosure1","Panicum urvilleanum",3
"1",3,"Exclosure","2021","Exclosure1","Hoffmannseggia trifoliata",0
"1",3,"Exclosure","2021","Exclosure1","Plantago patagonica",0
"1",3,"Exclosure","2021","Exclosure1","Nassella tenuis",2
"1",3,"Exclosure","2021","Exclosure1","Poa lanuginosa",30
"1",3,"Exclosure","2021","Exclosure1","Vicia pampicola",0
"1",1,"Control","2021","Control1","Sporobolus rigens",5
"1",1,"Control","2021","Control1","Noticastrum sericeum",4
"1",1,"Control","2021","Control1","Panicum urvilleanum",0
"1",1,"Control","2021","Control1","Hoffmannseggia trifoliata",0
"1",1,"Control","2021","Control1","Plantago patagonica",1
"1",1,"Control","2021","Control1","Nassella tenuis",5
"1",1,"Control","2021","Control1","Poa lanuginosa",3
"1",1,"Control","2021","Control1","Vicia pampicola",0
"2",1,"Control","2021","Control2","Sporobolus rigens",6
"2",1,"Control","2021","Control2","Noticastrum sericeum",1
"2",1,"Control","2021","Control2","Panicum urvilleanum",0
"2",1,"Control","2021","Control2","Hoffmannseggia trifoliata",0
"2",1,"Control","2021","Control2","Plantago patagonica",3
"2",1,"Control","2021","Control2","Nassella tenuis",10
"2",1,"Control","2021","Control2","Poa lanuginosa",0
"2",1,"Control","2021","Control2","Vicia pampicola",0
"2",3,"Exclosure","2021","Exclosure2","Sporobolus rigens",1
"2",3,"Exclosure","2021","Exclosure2","Noticastrum sericeum",5
"2",3,"Exclosure","2021","Exclosure2","Panicum urvilleanum",3
"2",3,"Exclosure","2021","Exclosure2","Hoffmannseggia trifoliata",0
"2",3,"Exclosure","2021","Exclosure2","Plantago patagonica",0
"2",3,"Exclosure","2021","Exclosure2","Nassella tenuis",30
"2",3,"Exclosure","2021","Exclosure2","Poa lanuginosa",15
"2",3,"Exclosure","2021","Exclosure2","Vicia pampicola",0
"2",4,"Partial","2021","Partial2","Sporobolus rigens",5
"2",4,"Partial","2021","Partial2","Noticastrum sericeum",3
"2",4,"Partial","2021","Partial2","Panicum urvilleanum",4
"2",4,"Partial","2021","Partial2","Hoffmannseggia trifoliata",4
"2",4,"Partial","2021","Partial2","Plantago patagonica",2
"2",4,"Partial","2021","Partial2","Nassella tenuis",12
"2",4,"Partial","2021","Partial2","Poa lanuginosa",8
"2",4,"Partial","2021","Partial2","Vicia pampicola",0
"4",3,"Exclosure","2021","Exclosure4","Sporobolus rigens",6
"4",3,"Exclosure","2021","Exclosure4","Noticastrum sericeum",6
"4",3,"Exclosure","2021","Exclosure4","Panicum urvilleanum",0
"4",3,"Exclosure","2021","Exclosure4","Hoffmannseggia trifoliata",0
"4",3,"Exclosure","2021","Exclosure4","Plantago patagonica",30
"4",3,"Exclosure","2021","Exclosure4","Nassella tenuis",2
"4",3,"Exclosure","2021","Exclosure4","Poa lanuginosa",4
"4",3,"Exclosure","2021","Exclosure4","Vicia pampicola",0
"4",4,"Partial","2021","Partial4","Sporobolus rigens",3
"4",4,"Partial","2021","Partial4","Noticastrum sericeum",3
"4",4,"Partial","2021","Partial4","Panicum urvilleanum",2
"4",4,"Partial","2021","Partial4","Hoffmannseggia trifoliata",0
"4",4,"Partial","2021","Partial4","Plantago patagonica",25
"4",4,"Partial","2021","Partial4","Nassella tenuis",10
"4",4,"Partial","2021","Partial4","Poa lanuginosa",0
"4",4,"Partial","2021","Partial4","Vicia pampicola",0
"4",1,"Control","2021","Control4","Sporobolus rigens",8
"4",1,"Control","2021","Control4","Noticastrum sericeum",1
"4",1,"Control","2021","Control4","Panicum urvilleanum",0
"4",1,"Control","2021","Control4","Hoffmannseggia trifoliata",0
"4",1,"Control","2021","Control4","Plantago patagonica",2
"4",1,"Control","2021","Control4","Nassella tenuis",8
"4",1,"Control","2021","Control4","Poa lanuginosa",1
"4",1,"Control","2021","Control4","Vicia pampicola",0
"3",3,"Exclosure","2021","Exclosure3","Sporobolus rigens",2
"3",3,"Exclosure","2021","Exclosure3","Noticastrum sericeum",3
"3",3,"Exclosure","2021","Exclosure3","Panicum urvilleanum",7
"3",3,"Exclosure","2021","Exclosure3","Hoffmannseggia trifoliata",0
"3",3,"Exclosure","2021","Exclosure3","Plantago patagonica",0
"3",3,"Exclosure","2021","Exclosure3","Nassella tenuis",4
"3",3,"Exclosure","2021","Exclosure3","Poa lanuginosa",0
"3",3,"Exclosure","2021","Exclosure3","Vicia pampicola",3
"3",4,"Partial","2021","Partial3","Sporobolus rigens",1
"3",4,"Partial","2021","Partial3","Noticastrum sericeum",5
"3",4,"Partial","2021","Partial3","Panicum urvilleanum",10
"3",4,"Partial","2021","Partial3","Hoffmannseggia trifoliata",0
"3",4,"Partial","2021","Partial3","Plantago patagonica",0
"3",4,"Partial","2021","Partial3","Nassella tenuis",4
"3",4,"Partial","2021","Partial3","Poa lanuginosa",0
"3",4,"Partial","2021","Partial3","Vicia pampicola",0
"3",1,"Control","2021","Control3","Sporobolus rigens",1
"3",1,"Control","2021","Control3","Noticastrum sericeum",1
"3",1,"Control","2021","Control3","Panicum urvilleanum",0
"3",1,"Control","2021","Control3","Hoffmannseggia trifoliata",0
"3",1,"Control","2021","Control3","Plantago patagonica",2
"3",1,"Control","2021","Control3","Nassella tenuis",30
"3",1,"Control","2021","Control3","Poa lanuginosa",0
"3",1,"Control","2021","Control3","Vicia pampicola",0
"5",3,"Exclosure","2021","Exclosure5","Sporobolus rigens",3
"5",3,"Exclosure","2021","Exclosure5","Noticastrum sericeum",5
"5",3,"Exclosure","2021","Exclosure5","Panicum urvilleanum",0
"5",3,"Exclosure","2021","Exclosure5","Hoffmannseggia trifoliata",0
"5",3,"Exclosure","2021","Exclosure5","Plantago patagonica",0
"5",3,"Exclosure","2021","Exclosure5","Nassella tenuis",50
"5",3,"Exclosure","2021","Exclosure5","Poa lanuginosa",4
"5",3,"Exclosure","2021","Exclosure5","Vicia pampicola",0
"5",4,"Partial","2021","Partial5","Sporobolus rigens",2
"5",4,"Partial","2021","Partial5","Noticastrum sericeum",3
"5",4,"Partial","2021","Partial5","Panicum urvilleanum",0
"5",4,"Partial","2021","Partial5","Hoffmannseggia trifoliata",0
"5",4,"Partial","2021","Partial5","Plantago patagonica",0
"5",4,"Partial","2021","Partial5","Nassella tenuis",35
"5",4,"Partial","2021","Partial5","Poa lanuginosa",2
"5",4,"Partial","2021","Partial5","Vicia pampicola",0
"5",1,"Control","2021","Control5","Sporobolus rigens",1
"5",1,"Control","2021","Control5","Noticastrum sericeum",1
"5",1,"Control","2021","Control5","Panicum urvilleanum",0
"5",1,"Control","2021","Control5","Hoffmannseggia trifoliata",0
"5",1,"Control","2021","Control5","Plantago patagonica",0
"5",1,"Control","2021","Control5","Nassella tenuis",8
"5",1,"Control","2021","Control5","Poa lanuginosa",1
"5",1,"Control","2021","Control5","Vicia pampicola",0
"6",3,"Exclosure","2021","Exclosure6","Sporobolus rigens",3
"6",3,"Exclosure","2021","Exclosure6","Noticastrum sericeum",15
"6",3,"Exclosure","2021","Exclosure6","Panicum urvilleanum",0
"6",3,"Exclosure","2021","Exclosure6","Hoffmannseggia trifoliata",75
"6",3,"Exclosure","2021","Exclosure6","Plantago patagonica",0
"6",3,"Exclosure","2021","Exclosure6","Nassella tenuis",15
"6",3,"Exclosure","2021","Exclosure6","Poa lanuginosa",2
"6",3,"Exclosure","2021","Exclosure6","Vicia pampicola",0
"6",4,"Partial","2021","Partial6","Sporobolus rigens",10
"6",4,"Partial","2021","Partial6","Noticastrum sericeum",5
"6",4,"Partial","2021","Partial6","Panicum urvilleanum",0
"6",4,"Partial","2021","Partial6","Hoffmannseggia trifoliata",0
"6",4,"Partial","2021","Partial6","Plantago patagonica",10
"6",4,"Partial","2021","Partial6","Nassella tenuis",10
"6",4,"Partial","2021","Partial6","Poa lanuginosa",3
"6",4,"Partial","2021","Partial6","Vicia pampicola",0
"6",1,"Control","2021","Control6","Sporobolus rigens",4
"6",1,"Control","2021","Control6","Noticastrum sericeum",0
"6",1,"Control","2021","Control6","Panicum urvilleanum",0
"6",1,"Control","2021","Control6","Hoffmannseggia trifoliata",0
"6",1,"Control","2021","Control6","Plantago patagonica",10
"6",1,"Control","2021","Control6","Nassella tenuis",10
"6",1,"Control","2021","Control6","Poa lanuginosa",0
"6",1,"Control","2021","Control6","Vicia pampicola",0
"1",4,"Partial","2022","Partial1","Sporobolus rigens",0
"1",4,"Partial","2022","Partial1","Noticastrum sericeum",6
"1",4,"Partial","2022","Partial1","Panicum urvilleanum",8
"1",4,"Partial","2022","Partial1","Hoffmannseggia trifoliata",0
"1",4,"Partial","2022","Partial1","Plantago patagonica",0
"1",4,"Partial","2022","Partial1","Nassella tenuis",5
"1",4,"Partial","2022","Partial1","Poa lanuginosa",27
"1",4,"Partial","2022","Partial1","Vicia pampicola",0
"1",3,"Exclosure","2022","Exclosure1","Sporobolus rigens",3
"1",3,"Exclosure","2022","Exclosure1","Noticastrum sericeum",5
"1",3,"Exclosure","2022","Exclosure1","Panicum urvilleanum",2
"1",3,"Exclosure","2022","Exclosure1","Hoffmannseggia trifoliata",0
"1",3,"Exclosure","2022","Exclosure1","Plantago patagonica",0
"1",3,"Exclosure","2022","Exclosure1","Nassella tenuis",1
"1",3,"Exclosure","2022","Exclosure1","Poa lanuginosa",50
"1",3,"Exclosure","2022","Exclosure1","Vicia pampicola",0
"1",1,"Control","2022","Control1","Sporobolus rigens",12
"1",1,"Control","2022","Control1","Noticastrum sericeum",4
"1",1,"Control","2022","Control1","Panicum urvilleanum",0
"1",1,"Control","2022","Control1","Hoffmannseggia trifoliata",0
"1",1,"Control","2022","Control1","Plantago patagonica",1
"1",1,"Control","2022","Control1","Nassella tenuis",7
"1",1,"Control","2022","Control1","Poa lanuginosa",1
"1",1,"Control","2022","Control1","Vicia pampicola",0
"2",1,"Control","2022","Control2","Sporobolus rigens",7
"2",1,"Control","2022","Control2","Noticastrum sericeum",1
"2",1,"Control","2022","Control2","Panicum urvilleanum",0
"2",1,"Control","2022","Control2","Hoffmannseggia trifoliata",0
"2",1,"Control","2022","Control2","Plantago patagonica",2
"2",1,"Control","2022","Control2","Nassella tenuis",20
"2",1,"Control","2022","Control2","Poa lanuginosa",0
"2",1,"Control","2022","Control2","Vicia pampicola",0
"2",3,"Exclosure","2022","Exclosure2","Sporobolus rigens",1
"2",3,"Exclosure","2022","Exclosure2","Noticastrum sericeum",5
"2",3,"Exclosure","2022","Exclosure2","Panicum urvilleanum",4
"2",3,"Exclosure","2022","Exclosure2","Hoffmannseggia trifoliata",0
"2",3,"Exclosure","2022","Exclosure2","Plantago patagonica",0
"2",3,"Exclosure","2022","Exclosure2","Nassella tenuis",2
"2",3,"Exclosure","2022","Exclosure2","Poa lanuginosa",35
"2",3,"Exclosure","2022","Exclosure2","Vicia pampicola",0
"2",4,"Partial","2022","Partial2","Sporobolus rigens",2
"2",4,"Partial","2022","Partial2","Noticastrum sericeum",3
"2",4,"Partial","2022","Partial2","Panicum urvilleanum",8
"2",4,"Partial","2022","Partial2","Hoffmannseggia trifoliata",5
"2",4,"Partial","2022","Partial2","Plantago patagonica",1
"2",4,"Partial","2022","Partial2","Nassella tenuis",5
"2",4,"Partial","2022","Partial2","Poa lanuginosa",6
"2",4,"Partial","2022","Partial2","Vicia pampicola",0
"4",3,"Exclosure","2022","Exclosure4","Sporobolus rigens",5
"4",3,"Exclosure","2022","Exclosure4","Noticastrum sericeum",9
"4",3,"Exclosure","2022","Exclosure4","Panicum urvilleanum",0
"4",3,"Exclosure","2022","Exclosure4","Hoffmannseggia trifoliata",0
"4",3,"Exclosure","2022","Exclosure4","Plantago patagonica",7
"4",3,"Exclosure","2022","Exclosure4","Nassella tenuis",2
"4",3,"Exclosure","2022","Exclosure4","Poa lanuginosa",4
"4",3,"Exclosure","2022","Exclosure4","Vicia pampicola",0
"4",4,"Partial","2022","Partial4","Sporobolus rigens",5
"4",4,"Partial","2022","Partial4","Noticastrum sericeum",4
"4",4,"Partial","2022","Partial4","Panicum urvilleanum",4
"4",4,"Partial","2022","Partial4","Hoffmannseggia trifoliata",0
"4",4,"Partial","2022","Partial4","Plantago patagonica",5
"4",4,"Partial","2022","Partial4","Nassella tenuis",5
"4",4,"Partial","2022","Partial4","Poa lanuginosa",0
"4",4,"Partial","2022","Partial4","Vicia pampicola",2
"4",1,"Control","2022","Control4","Sporobolus rigens",8
"4",1,"Control","2022","Control4","Noticastrum sericeum",1
"4",1,"Control","2022","Control4","Panicum urvilleanum",0
"4",1,"Control","2022","Control4","Hoffmannseggia trifoliata",0
"4",1,"Control","2022","Control4","Plantago patagonica",1
"4",1,"Control","2022","Control4","Nassella tenuis",8
"4",1,"Control","2022","Control4","Poa lanuginosa",1
"4",1,"Control","2022","Control4","Vicia pampicola",0
"3",3,"Exclosure","2022","Exclosure3","Sporobolus rigens",1
"3",3,"Exclosure","2022","Exclosure3","Noticastrum sericeum",2
"3",3,"Exclosure","2022","Exclosure3","Panicum urvilleanum",5
"3",3,"Exclosure","2022","Exclosure3","Hoffmannseggia trifoliata",3
"3",3,"Exclosure","2022","Exclosure3","Plantago patagonica",0
"3",3,"Exclosure","2022","Exclosure3","Nassella tenuis",0
"3",3,"Exclosure","2022","Exclosure3","Poa lanuginosa",0
"3",3,"Exclosure","2022","Exclosure3","Vicia pampicola",99
"3",4,"Partial","2022","Partial3","Sporobolus rigens",0
"3",4,"Partial","2022","Partial3","Noticastrum sericeum",4
"3",4,"Partial","2022","Partial3","Panicum urvilleanum",20
"3",4,"Partial","2022","Partial3","Hoffmannseggia trifoliata",0
"3",4,"Partial","2022","Partial3","Plantago patagonica",1
"3",4,"Partial","2022","Partial3","Nassella tenuis",5
"3",4,"Partial","2022","Partial3","Poa lanuginosa",0
"3",4,"Partial","2022","Partial3","Vicia pampicola",1
"3",1,"Control","2022","Control3","Sporobolus rigens",1
"3",1,"Control","2022","Control3","Noticastrum sericeum",1
"3",1,"Control","2022","Control3","Panicum urvilleanum",0
"3",1,"Control","2022","Control3","Hoffmannseggia trifoliata",0
"3",1,"Control","2022","Control3","Plantago patagonica",1
"3",1,"Control","2022","Control3","Nassella tenuis",30
"3",1,"Control","2022","Control3","Poa lanuginosa",0
"3",1,"Control","2022","Control3","Vicia pampicola",0
"5",3,"Exclosure","2022","Exclosure5","Sporobolus rigens",5
"5",3,"Exclosure","2022","Exclosure5","Noticastrum sericeum",10
"5",3,"Exclosure","2022","Exclosure5","Panicum urvilleanum",0
"5",3,"Exclosure","2022","Exclosure5","Hoffmannseggia trifoliata",0
"5",3,"Exclosure","2022","Exclosure5","Plantago patagonica",0
"5",3,"Exclosure","2022","Exclosure5","Nassella tenuis",40
"5",3,"Exclosure","2022","Exclosure5","Poa lanuginosa",3
"5",3,"Exclosure","2022","Exclosure5","Vicia pampicola",0
"5",4,"Partial","2022","Partial5","Sporobolus rigens",2
"5",4,"Partial","2022","Partial5","Noticastrum sericeum",3
"5",4,"Partial","2022","Partial5","Panicum urvilleanum",0
"5",4,"Partial","2022","Partial5","Hoffmannseggia trifoliata",0
"5",4,"Partial","2022","Partial5","Plantago patagonica",0
"5",4,"Partial","2022","Partial5","Nassella tenuis",40
"5",4,"Partial","2022","Partial5","Poa lanuginosa",0
"5",4,"Partial","2022","Partial5","Vicia pampicola",0
"5",1,"Control","2022","Control5","Sporobolus rigens",2
"5",1,"Control","2022","Control5","Noticastrum sericeum",1
"5",1,"Control","2022","Control5","Panicum urvilleanum",0
"5",1,"Control","2022","Control5","Hoffmannseggia trifoliata",0
"5",1,"Control","2022","Control5","Plantago patagonica",0
"5",1,"Control","2022","Control5","Nassella tenuis",12
"5",1,"Control","2022","Control5","Poa lanuginosa",0
"5",1,"Control","2022","Control5","Vicia pampicola",0
"6",3,"Exclosure","2022","Exclosure6","Sporobolus rigens",4
"6",3,"Exclosure","2022","Exclosure6","Noticastrum sericeum",35
"6",3,"Exclosure","2022","Exclosure6","Panicum urvilleanum",0
"6",3,"Exclosure","2022","Exclosure6","Hoffmannseggia trifoliata",30
"6",3,"Exclosure","2022","Exclosure6","Plantago patagonica",0
"6",3,"Exclosure","2022","Exclosure6","Nassella tenuis",7
"6",3,"Exclosure","2022","Exclosure6","Poa lanuginosa",10
"6",3,"Exclosure","2022","Exclosure6","Vicia pampicola",0
"6",4,"Partial","2022","Partial6","Sporobolus rigens",15
"6",4,"Partial","2022","Partial6","Noticastrum sericeum",12
"6",4,"Partial","2022","Partial6","Panicum urvilleanum",0
"6",4,"Partial","2022","Partial6","Hoffmannseggia trifoliata",0
"6",4,"Partial","2022","Partial6","Plantago patagonica",2
"6",4,"Partial","2022","Partial6","Nassella tenuis",8
"6",4,"Partial","2022","Partial6","Poa lanuginosa",3
"6",4,"Partial","2022","Partial6","Vicia pampicola",0
"6",1,"Control","2022","Control6","Sporobolus rigens",5
"6",1,"Control","2022","Control6","Noticastrum sericeum",0
"6",1,"Control","2022","Control6","Panicum urvilleanum",0
"6",1,"Control","2022","Control6","Hoffmannseggia trifoliata",0
"6",1,"Control","2022","Control6","Plantago patagonica",3
"6",1,"Control","2022","Control6","Nassella tenuis",25
"6",1,"Control","2022","Control6","Poa lanuginosa",0
"6",1,"Control","2022","Control6","Vicia pampicola",0
"1",4,"Partial","2023","Partial1","Sporobolus rigens",0
"1",4,"Partial","2023","Partial1","Noticastrum sericeum",5
"1",4,"Partial","2023","Partial1","Panicum urvilleanum",10
"1",4,"Partial","2023","Partial1","Hoffmannseggia trifoliata",0
"1",4,"Partial","2023","Partial1","Plantago patagonica",0
"1",4,"Partial","2023","Partial1","Nassella tenuis",10
"1",4,"Partial","2023","Partial1","Poa lanuginosa",15
"1",4,"Partial","2023","Partial1","Vicia pampicola",0
"1",3,"Exclosure","2023","Exclosure1","Sporobolus rigens",2
"1",3,"Exclosure","2023","Exclosure1","Noticastrum sericeum",4
"1",3,"Exclosure","2023","Exclosure1","Panicum urvilleanum",2
"1",3,"Exclosure","2023","Exclosure1","Hoffmannseggia trifoliata",0
"1",3,"Exclosure","2023","Exclosure1","Plantago patagonica",0
"1",3,"Exclosure","2023","Exclosure1","Nassella tenuis",4
"1",3,"Exclosure","2023","Exclosure1","Poa lanuginosa",55
"1",3,"Exclosure","2023","Exclosure1","Vicia pampicola",0
"1",1,"Control","2023","Control1","Sporobolus rigens",15
"1",1,"Control","2023","Control1","Noticastrum sericeum",3
"1",1,"Control","2023","Control1","Panicum urvilleanum",1
"1",1,"Control","2023","Control1","Hoffmannseggia trifoliata",0
"1",1,"Control","2023","Control1","Plantago patagonica",1
"1",1,"Control","2023","Control1","Nassella tenuis",10
"1",1,"Control","2023","Control1","Poa lanuginosa",0
"1",1,"Control","2023","Control1","Vicia pampicola",0
"2",1,"Control","2023","Control2","Sporobolus rigens",12
"2",1,"Control","2023","Control2","Noticastrum sericeum",2
"2",1,"Control","2023","Control2","Panicum urvilleanum",0
"2",1,"Control","2023","Control2","Hoffmannseggia trifoliata",0
"2",1,"Control","2023","Control2","Plantago patagonica",1
"2",1,"Control","2023","Control2","Nassella tenuis",32
"2",1,"Control","2023","Control2","Poa lanuginosa",0
"2",1,"Control","2023","Control2","Vicia pampicola",1
"2",3,"Exclosure","2023","Exclosure2","Sporobolus rigens",2
"2",3,"Exclosure","2023","Exclosure2","Noticastrum sericeum",10
"2",3,"Exclosure","2023","Exclosure2","Panicum urvilleanum",4
"2",3,"Exclosure","2023","Exclosure2","Hoffmannseggia trifoliata",0
"2",3,"Exclosure","2023","Exclosure2","Plantago patagonica",0
"2",3,"Exclosure","2023","Exclosure2","Nassella tenuis",2
"2",3,"Exclosure","2023","Exclosure2","Poa lanuginosa",45
"2",3,"Exclosure","2023","Exclosure2","Vicia pampicola",0
"2",4,"Partial","2023","Partial2","Sporobolus rigens",2
"2",4,"Partial","2023","Partial2","Noticastrum sericeum",9
"2",4,"Partial","2023","Partial2","Panicum urvilleanum",8
"2",4,"Partial","2023","Partial2","Hoffmannseggia trifoliata",5
"2",4,"Partial","2023","Partial2","Plantago patagonica",0
"2",4,"Partial","2023","Partial2","Nassella tenuis",4
"2",4,"Partial","2023","Partial2","Poa lanuginosa",5
"2",4,"Partial","2023","Partial2","Vicia pampicola",0
"4",3,"Exclosure","2023","Exclosure4","Sporobolus rigens",5
"4",3,"Exclosure","2023","Exclosure4","Noticastrum sericeum",13
"4",3,"Exclosure","2023","Exclosure4","Panicum urvilleanum",0
"4",3,"Exclosure","2023","Exclosure4","Hoffmannseggia trifoliata",0
"4",3,"Exclosure","2023","Exclosure4","Plantago patagonica",0
"4",3,"Exclosure","2023","Exclosure4","Nassella tenuis",1
"4",3,"Exclosure","2023","Exclosure4","Poa lanuginosa",5
"4",3,"Exclosure","2023","Exclosure4","Vicia pampicola",0
"4",4,"Partial","2023","Partial4","Sporobolus rigens",2
"4",4,"Partial","2023","Partial4","Noticastrum sericeum",7
"4",4,"Partial","2023","Partial4","Panicum urvilleanum",4
"4",4,"Partial","2023","Partial4","Hoffmannseggia trifoliata",0
"4",4,"Partial","2023","Partial4","Plantago patagonica",1
"4",4,"Partial","2023","Partial4","Nassella tenuis",5
"4",4,"Partial","2023","Partial4","Poa lanuginosa",0
"4",4,"Partial","2023","Partial4","Vicia pampicola",1
"4",1,"Control","2023","Control4","Sporobolus rigens",10
"4",1,"Control","2023","Control4","Noticastrum sericeum",2
"4",1,"Control","2023","Control4","Panicum urvilleanum",0
"4",1,"Control","2023","Control4","Hoffmannseggia trifoliata",0
"4",1,"Control","2023","Control4","Plantago patagonica",0
"4",1,"Control","2023","Control4","Nassella tenuis",12
"4",1,"Control","2023","Control4","Poa lanuginosa",1
"4",1,"Control","2023","Control4","Vicia pampicola",0
"3",3,"Exclosure","2023","Exclosure3","Sporobolus rigens",1
"3",3,"Exclosure","2023","Exclosure3","Noticastrum sericeum",7
"3",3,"Exclosure","2023","Exclosure3","Panicum urvilleanum",35
"3",3,"Exclosure","2023","Exclosure3","Hoffmannseggia trifoliata",3
"3",3,"Exclosure","2023","Exclosure3","Plantago patagonica",0
"3",3,"Exclosure","2023","Exclosure3","Nassella tenuis",5
"3",3,"Exclosure","2023","Exclosure3","Poa lanuginosa",0
"3",3,"Exclosure","2023","Exclosure3","Vicia pampicola",0
"3",4,"Partial","2023","Partial3","Sporobolus rigens",0
"3",4,"Partial","2023","Partial3","Noticastrum sericeum",7
"3",4,"Partial","2023","Partial3","Panicum urvilleanum",20
"3",4,"Partial","2023","Partial3","Hoffmannseggia trifoliata",1
"3",4,"Partial","2023","Partial3","Plantago patagonica",0
"3",4,"Partial","2023","Partial3","Nassella tenuis",4
"3",4,"Partial","2023","Partial3","Poa lanuginosa",1
"3",4,"Partial","2023","Partial3","Vicia pampicola",0
"3",1,"Control","2023","Control3","Sporobolus rigens",2
"3",1,"Control","2023","Control3","Noticastrum sericeum",2
"3",1,"Control","2023","Control3","Panicum urvilleanum",0
"3",1,"Control","2023","Control3","Hoffmannseggia trifoliata",0
"3",1,"Control","2023","Control3","Plantago patagonica",1
"3",1,"Control","2023","Control3","Nassella tenuis",30
"3",1,"Control","2023","Control3","Poa lanuginosa",0
"3",1,"Control","2023","Control3","Vicia pampicola",0
"5",3,"Exclosure","2023","Exclosure5","Sporobolus rigens",7
"5",3,"Exclosure","2023","Exclosure5","Noticastrum sericeum",10
"5",3,"Exclosure","2023","Exclosure5","Panicum urvilleanum",0
"5",3,"Exclosure","2023","Exclosure5","Hoffmannseggia trifoliata",0
"5",3,"Exclosure","2023","Exclosure5","Plantago patagonica",0
"5",3,"Exclosure","2023","Exclosure5","Nassella tenuis",35
"5",3,"Exclosure","2023","Exclosure5","Poa lanuginosa",5
"5",3,"Exclosure","2023","Exclosure5","Vicia pampicola",0
"5",4,"Partial","2023","Partial5","Sporobolus rigens",3
"5",4,"Partial","2023","Partial5","Noticastrum sericeum",4
"5",4,"Partial","2023","Partial5","Panicum urvilleanum",0
"5",4,"Partial","2023","Partial5","Hoffmannseggia trifoliata",0
"5",4,"Partial","2023","Partial5","Plantago patagonica",0
"5",4,"Partial","2023","Partial5","Nassella tenuis",40
"5",4,"Partial","2023","Partial5","Poa lanuginosa",1
"5",4,"Partial","2023","Partial5","Vicia pampicola",0
"5",1,"Control","2023","Control5","Sporobolus rigens",2
"5",1,"Control","2023","Control5","Noticastrum sericeum",1
"5",1,"Control","2023","Control5","Panicum urvilleanum",0
"5",1,"Control","2023","Control5","Hoffmannseggia trifoliata",0
"5",1,"Control","2023","Control5","Plantago patagonica",0
"5",1,"Control","2023","Control5","Nassella tenuis",6
"5",1,"Control","2023","Control5","Poa lanuginosa",0
"5",1,"Control","2023","Control5","Vicia pampicola",0
"6",3,"Exclosure","2023","Exclosure6","Sporobolus rigens",4
"6",3,"Exclosure","2023","Exclosure6","Noticastrum sericeum",35
"6",3,"Exclosure","2023","Exclosure6","Panicum urvilleanum",0
"6",3,"Exclosure","2023","Exclosure6","Hoffmannseggia trifoliata",0
"6",3,"Exclosure","2023","Exclosure6","Plantago patagonica",0
"6",3,"Exclosure","2023","Exclosure6","Nassella tenuis",5
"6",3,"Exclosure","2023","Exclosure6","Poa lanuginosa",25
"6",3,"Exclosure","2023","Exclosure6","Vicia pampicola",0
"6",4,"Partial","2023","Partial6","Sporobolus rigens",10
"6",4,"Partial","2023","Partial6","Noticastrum sericeum",12
"6",4,"Partial","2023","Partial6","Panicum urvilleanum",0
"6",4,"Partial","2023","Partial6","Hoffmannseggia trifoliata",0
"6",4,"Partial","2023","Partial6","Plantago patagonica",1
"6",4,"Partial","2023","Partial6","Nassella tenuis",6
"6",4,"Partial","2023","Partial6","Poa lanuginosa",7
"6",4,"Partial","2023","Partial6","Vicia pampicola",0
"6",1,"Control","2023","Control6","Sporobolus rigens",5
"6",1,"Control","2023","Control6","Noticastrum sericeum",3
"6",1,"Control","2023","Control6","Panicum urvilleanum",0
"6",1,"Control","2023","Control6","Hoffmannseggia trifoliata",0
"6",1,"Control","2023","Control6","Plantago patagonica",1
"6",1,"Control","2023","Control6","Nassella tenuis",33
"6",1,"Control","2023","Control6","Poa lanuginosa",0
"6",1,"Control","2023","Control6","Vicia pampicola",0
"1",4,"Partial","2024","Partial1","Sporobolus rigens",0
"1",4,"Partial","2024","Partial1","Noticastrum sericeum",8
"1",4,"Partial","2024","Partial1","Panicum urvilleanum",10
"1",4,"Partial","2024","Partial1","Hoffmannseggia trifoliata",0
"1",4,"Partial","2024","Partial1","Plantago patagonica",1
"1",4,"Partial","2024","Partial1","Nassella tenuis",2
"1",4,"Partial","2024","Partial1","Poa lanuginosa",10
"1",4,"Partial","2024","Partial1","Vicia pampicola",0
"1",3,"Exclosure","2024","Exclosure1","Sporobolus rigens",2
"1",3,"Exclosure","2024","Exclosure1","Noticastrum sericeum",6
"1",3,"Exclosure","2024","Exclosure1","Panicum urvilleanum",3
"1",3,"Exclosure","2024","Exclosure1","Hoffmannseggia trifoliata",0
"1",3,"Exclosure","2024","Exclosure1","Plantago patagonica",0
"1",3,"Exclosure","2024","Exclosure1","Nassella tenuis",2
"1",3,"Exclosure","2024","Exclosure1","Poa lanuginosa",55
"1",3,"Exclosure","2024","Exclosure1","Vicia pampicola",0
"1",1,"Control","2024","Control1","Sporobolus rigens",27
"1",1,"Control","2024","Control1","Noticastrum sericeum",3
"1",1,"Control","2024","Control1","Panicum urvilleanum",0
"1",1,"Control","2024","Control1","Hoffmannseggia trifoliata",0
"1",1,"Control","2024","Control1","Plantago patagonica",2
"1",1,"Control","2024","Control1","Nassella tenuis",6
"1",1,"Control","2024","Control1","Poa lanuginosa",2
"1",1,"Control","2024","Control1","Vicia pampicola",0
"2",1,"Control","2024","Control2","Sporobolus rigens",10
"2",1,"Control","2024","Control2","Noticastrum sericeum",1
"2",1,"Control","2024","Control2","Panicum urvilleanum",1
"2",1,"Control","2024","Control2","Hoffmannseggia trifoliata",0
"2",1,"Control","2024","Control2","Plantago patagonica",3
"2",1,"Control","2024","Control2","Nassella tenuis",25
"2",1,"Control","2024","Control2","Poa lanuginosa",2
"2",1,"Control","2024","Control2","Vicia pampicola",2
"2",3,"Exclosure","2024","Exclosure2","Sporobolus rigens",2
"2",3,"Exclosure","2024","Exclosure2","Noticastrum sericeum",8
"2",3,"Exclosure","2024","Exclosure2","Panicum urvilleanum",4
"2",3,"Exclosure","2024","Exclosure2","Hoffmannseggia trifoliata",0
"2",3,"Exclosure","2024","Exclosure2","Plantago patagonica",0
"2",3,"Exclosure","2024","Exclosure2","Nassella tenuis",1
"2",3,"Exclosure","2024","Exclosure2","Poa lanuginosa",50
"2",3,"Exclosure","2024","Exclosure2","Vicia pampicola",2
"2",4,"Partial","2024","Partial2","Sporobolus rigens",2
"2",4,"Partial","2024","Partial2","Noticastrum sericeum",15
"2",4,"Partial","2024","Partial2","Panicum urvilleanum",9
"2",4,"Partial","2024","Partial2","Hoffmannseggia trifoliata",4
"2",4,"Partial","2024","Partial2","Plantago patagonica",1
"2",4,"Partial","2024","Partial2","Nassella tenuis",3
"2",4,"Partial","2024","Partial2","Poa lanuginosa",4
"2",4,"Partial","2024","Partial2","Vicia pampicola",2
"4",3,"Exclosure","2024","Exclosure4","Sporobolus rigens",8
"4",3,"Exclosure","2024","Exclosure4","Noticastrum sericeum",15
"4",3,"Exclosure","2024","Exclosure4","Panicum urvilleanum",1
"4",3,"Exclosure","2024","Exclosure4","Hoffmannseggia trifoliata",0
"4",3,"Exclosure","2024","Exclosure4","Plantago patagonica",1
"4",3,"Exclosure","2024","Exclosure4","Nassella tenuis",0
"4",3,"Exclosure","2024","Exclosure4","Poa lanuginosa",6
"4",3,"Exclosure","2024","Exclosure4","Vicia pampicola",0
"4",4,"Partial","2024","Partial4","Sporobolus rigens",3
"4",4,"Partial","2024","Partial4","Noticastrum sericeum",10
"4",4,"Partial","2024","Partial4","Panicum urvilleanum",5
"4",4,"Partial","2024","Partial4","Hoffmannseggia trifoliata",0
"4",4,"Partial","2024","Partial4","Plantago patagonica",8
"4",4,"Partial","2024","Partial4","Nassella tenuis",2
"4",4,"Partial","2024","Partial4","Poa lanuginosa",1
"4",4,"Partial","2024","Partial4","Vicia pampicola",5
"4",1,"Control","2024","Control4","Sporobolus rigens",15
"4",1,"Control","2024","Control4","Noticastrum sericeum",2
"4",1,"Control","2024","Control4","Panicum urvilleanum",0
"4",1,"Control","2024","Control4","Hoffmannseggia trifoliata",0
"4",1,"Control","2024","Control4","Plantago patagonica",2
"4",1,"Control","2024","Control4","Nassella tenuis",20
"4",1,"Control","2024","Control4","Poa lanuginosa",1
"4",1,"Control","2024","Control4","Vicia pampicola",0
"3",3,"Exclosure","2024","Exclosure3","Sporobolus rigens",1
"3",3,"Exclosure","2024","Exclosure3","Noticastrum sericeum",1
"3",3,"Exclosure","2024","Exclosure3","Panicum urvilleanum",27
"3",3,"Exclosure","2024","Exclosure3","Hoffmannseggia trifoliata",2
"3",3,"Exclosure","2024","Exclosure3","Plantago patagonica",1
"3",3,"Exclosure","2024","Exclosure3","Nassella tenuis",5
"3",3,"Exclosure","2024","Exclosure3","Poa lanuginosa",5
"3",3,"Exclosure","2024","Exclosure3","Vicia pampicola",2
"3",4,"Partial","2024","Partial3","Sporobolus rigens",2
"3",4,"Partial","2024","Partial3","Noticastrum sericeum",6
"3",4,"Partial","2024","Partial3","Panicum urvilleanum",15
"3",4,"Partial","2024","Partial3","Hoffmannseggia trifoliata",1
"3",4,"Partial","2024","Partial3","Plantago patagonica",1
"3",4,"Partial","2024","Partial3","Nassella tenuis",4
"3",4,"Partial","2024","Partial3","Poa lanuginosa",1
"3",4,"Partial","2024","Partial3","Vicia pampicola",3
"3",1,"Control","2024","Control3","Sporobolus rigens",3
"3",1,"Control","2024","Control3","Noticastrum sericeum",3
"3",1,"Control","2024","Control3","Panicum urvilleanum",0
"3",1,"Control","2024","Control3","Hoffmannseggia trifoliata",0
"3",1,"Control","2024","Control3","Plantago patagonica",3
"3",1,"Control","2024","Control3","Nassella tenuis",35
"3",1,"Control","2024","Control3","Poa lanuginosa",0
"3",1,"Control","2024","Control3","Vicia pampicola",0
"5",3,"Exclosure","2024","Exclosure5","Sporobolus rigens",5
"5",3,"Exclosure","2024","Exclosure5","Noticastrum sericeum",10
"5",3,"Exclosure","2024","Exclosure5","Panicum urvilleanum",0
"5",3,"Exclosure","2024","Exclosure5","Hoffmannseggia trifoliata",0
"5",3,"Exclosure","2024","Exclosure5","Plantago patagonica",0
"5",3,"Exclosure","2024","Exclosure5","Nassella tenuis",40
"5",3,"Exclosure","2024","Exclosure5","Poa lanuginosa",5
"5",3,"Exclosure","2024","Exclosure5","Vicia pampicola",0
"5",4,"Partial","2024","Partial5","Sporobolus rigens",3
"5",4,"Partial","2024","Partial5","Noticastrum sericeum",8
"5",4,"Partial","2024","Partial5","Panicum urvilleanum",0
"5",4,"Partial","2024","Partial5","Hoffmannseggia trifoliata",0
"5",4,"Partial","2024","Partial5","Plantago patagonica",0
"5",4,"Partial","2024","Partial5","Nassella tenuis",25
"5",4,"Partial","2024","Partial5","Poa lanuginosa",1
"5",4,"Partial","2024","Partial5","Vicia pampicola",0
"5",1,"Control","2024","Control5","Sporobolus rigens",6
"5",1,"Control","2024","Control5","Noticastrum sericeum",1
"5",1,"Control","2024","Control5","Panicum urvilleanum",0
"5",1,"Control","2024","Control5","Hoffmannseggia trifoliata",0
"5",1,"Control","2024","Control5","Plantago patagonica",1
"5",1,"Control","2024","Control5","Nassella tenuis",8
"5",1,"Control","2024","Control5","Poa lanuginosa",1
"5",1,"Control","2024","Control5","Vicia pampicola",0
"6",3,"Exclosure","2024","Exclosure6","Sporobolus rigens",5
"6",3,"Exclosure","2024","Exclosure6","Noticastrum sericeum",25
"6",3,"Exclosure","2024","Exclosure6","Panicum urvilleanum",0
"6",3,"Exclosure","2024","Exclosure6","Hoffmannseggia trifoliata",1
"6",3,"Exclosure","2024","Exclosure6","Plantago patagonica",0
"6",3,"Exclosure","2024","Exclosure6","Nassella tenuis",3
"6",3,"Exclosure","2024","Exclosure6","Poa lanuginosa",30
"6",3,"Exclosure","2024","Exclosure6","Vicia pampicola",0
"6",4,"Partial","2024","Partial6","Sporobolus rigens",5
"6",4,"Partial","2024","Partial6","Noticastrum sericeum",20
"6",4,"Partial","2024","Partial6","Panicum urvilleanum",0
"6",4,"Partial","2024","Partial6","Hoffmannseggia trifoliata",0
"6",4,"Partial","2024","Partial6","Plantago patagonica",5
"6",4,"Partial","2024","Partial6","Nassella tenuis",2
"6",4,"Partial","2024","Partial6","Poa lanuginosa",12
"6",4,"Partial","2024","Partial6","Vicia pampicola",0
"6",1,"Control","2024","Control6","Sporobolus rigens",6
"6",1,"Control","2024","Control6","Noticastrum sericeum",2
"6",1,"Control","2024","Control6","Panicum urvilleanum",0
"6",1,"Control","2024","Control6","Hoffmannseggia trifoliata",0
"6",1,"Control","2024","Control6","Plantago patagonica",2
"6",1,"Control","2024","Control6","Nassella tenuis",30
"6",1,"Control","2024","Control6","Poa lanuginosa",0
"6",1,"Control","2024","Control6","Vicia pampicola",0
"1",4,"Partial","2025","Partial1","Sporobolus rigens",0
"1",4,"Partial","2025","Partial1","Noticastrum sericeum",35
"1",4,"Partial","2025","Partial1","Panicum urvilleanum",10
"1",4,"Partial","2025","Partial1","Hoffmannseggia trifoliata",0
"1",4,"Partial","2025","Partial1","Plantago patagonica",0
"1",4,"Partial","2025","Partial1","Nassella tenuis",0
"1",4,"Partial","2025","Partial1","Poa lanuginosa",25
"1",4,"Partial","2025","Partial1","Vicia pampicola",0
"1",3,"Exclosure","2025","Exclosure1","Sporobolus rigens",2
"1",3,"Exclosure","2025","Exclosure1","Noticastrum sericeum",11
"1",3,"Exclosure","2025","Exclosure1","Panicum urvilleanum",4
"1",3,"Exclosure","2025","Exclosure1","Hoffmannseggia trifoliata",0
"1",3,"Exclosure","2025","Exclosure1","Plantago patagonica",0
"1",3,"Exclosure","2025","Exclosure1","Nassella tenuis",2
"1",3,"Exclosure","2025","Exclosure1","Poa lanuginosa",40
"1",3,"Exclosure","2025","Exclosure1","Vicia pampicola",0
"1",1,"Control","2025","Control1","Sporobolus rigens",15
"1",1,"Control","2025","Control1","Noticastrum sericeum",3
"1",1,"Control","2025","Control1","Panicum urvilleanum",0
"1",1,"Control","2025","Control1","Hoffmannseggia trifoliata",0
"1",1,"Control","2025","Control1","Plantago patagonica",1
"1",1,"Control","2025","Control1","Nassella tenuis",8
"1",1,"Control","2025","Control1","Poa lanuginosa",2
"1",1,"Control","2025","Control1","Vicia pampicola",0
"2",1,"Control","2025","Control2","Sporobolus rigens",10
"2",1,"Control","2025","Control2","Noticastrum sericeum",1
"2",1,"Control","2025","Control2","Panicum urvilleanum",1
"2",1,"Control","2025","Control2","Hoffmannseggia trifoliata",0
"2",1,"Control","2025","Control2","Plantago patagonica",1
"2",1,"Control","2025","Control2","Nassella tenuis",33
"2",1,"Control","2025","Control2","Poa lanuginosa",1
"2",1,"Control","2025","Control2","Vicia pampicola",1
"2",3,"Exclosure","2025","Exclosure2","Sporobolus rigens",3
"2",3,"Exclosure","2025","Exclosure2","Noticastrum sericeum",13
"2",3,"Exclosure","2025","Exclosure2","Panicum urvilleanum",2
"2",3,"Exclosure","2025","Exclosure2","Hoffmannseggia trifoliata",0
"2",3,"Exclosure","2025","Exclosure2","Plantago patagonica",0
"2",3,"Exclosure","2025","Exclosure2","Nassella tenuis",2
"2",3,"Exclosure","2025","Exclosure2","Poa lanuginosa",55
"2",3,"Exclosure","2025","Exclosure2","Vicia pampicola",8
"2",4,"Partial","2025","Partial2","Sporobolus rigens",2
"2",4,"Partial","2025","Partial2","Noticastrum sericeum",12
"2",4,"Partial","2025","Partial2","Panicum urvilleanum",5
"2",4,"Partial","2025","Partial2","Hoffmannseggia trifoliata",20
"2",4,"Partial","2025","Partial2","Plantago patagonica",1
"2",4,"Partial","2025","Partial2","Nassella tenuis",3
"2",4,"Partial","2025","Partial2","Poa lanuginosa",5
"2",4,"Partial","2025","Partial2","Vicia pampicola",0
"4",3,"Exclosure","2025","Exclosure4","Sporobolus rigens",4
"4",3,"Exclosure","2025","Exclosure4","Noticastrum sericeum",25
"4",3,"Exclosure","2025","Exclosure4","Panicum urvilleanum",2
"4",3,"Exclosure","2025","Exclosure4","Hoffmannseggia trifoliata",0
"4",3,"Exclosure","2025","Exclosure4","Plantago patagonica",1
"4",3,"Exclosure","2025","Exclosure4","Nassella tenuis",0
"4",3,"Exclosure","2025","Exclosure4","Poa lanuginosa",2
"4",3,"Exclosure","2025","Exclosure4","Vicia pampicola",0
"4",4,"Partial","2025","Partial4","Sporobolus rigens",1
"4",4,"Partial","2025","Partial4","Noticastrum sericeum",15
"4",4,"Partial","2025","Partial4","Panicum urvilleanum",7
"4",4,"Partial","2025","Partial4","Hoffmannseggia trifoliata",0
"4",4,"Partial","2025","Partial4","Plantago patagonica",5
"4",4,"Partial","2025","Partial4","Nassella tenuis",1
"4",4,"Partial","2025","Partial4","Poa lanuginosa",2
"4",4,"Partial","2025","Partial4","Vicia pampicola",4
"4",1,"Control","2025","Control4","Sporobolus rigens",10
"4",1,"Control","2025","Control4","Noticastrum sericeum",1
"4",1,"Control","2025","Control4","Panicum urvilleanum",0
"4",1,"Control","2025","Control4","Hoffmannseggia trifoliata",0
"4",1,"Control","2025","Control4","Plantago patagonica",2
"4",1,"Control","2025","Control4","Nassella tenuis",18
"4",1,"Control","2025","Control4","Poa lanuginosa",2
"4",1,"Control","2025","Control4","Vicia pampicola",0
"3",3,"Exclosure","2025","Exclosure3","Sporobolus rigens",1
"3",3,"Exclosure","2025","Exclosure3","Noticastrum sericeum",1
"3",3,"Exclosure","2025","Exclosure3","Panicum urvilleanum",8
"3",3,"Exclosure","2025","Exclosure3","Hoffmannseggia trifoliata",2
"3",3,"Exclosure","2025","Exclosure3","Plantago patagonica",0
"3",3,"Exclosure","2025","Exclosure3","Nassella tenuis",2
"3",3,"Exclosure","2025","Exclosure3","Poa lanuginosa",8
"3",3,"Exclosure","2025","Exclosure3","Vicia pampicola",50
"3",4,"Partial","2025","Partial3","Sporobolus rigens",2
"3",4,"Partial","2025","Partial3","Noticastrum sericeum",4
"3",4,"Partial","2025","Partial3","Panicum urvilleanum",15
"3",4,"Partial","2025","Partial3","Hoffmannseggia trifoliata",1
"3",4,"Partial","2025","Partial3","Plantago patagonica",1
"3",4,"Partial","2025","Partial3","Nassella tenuis",1
"3",4,"Partial","2025","Partial3","Poa lanuginosa",3
"3",4,"Partial","2025","Partial3","Vicia pampicola",3
"3",1,"Control","2025","Control3","Sporobolus rigens",3
"3",1,"Control","2025","Control3","Noticastrum sericeum",3
"3",1,"Control","2025","Control3","Panicum urvilleanum",0
"3",1,"Control","2025","Control3","Hoffmannseggia trifoliata",0
"3",1,"Control","2025","Control3","Plantago patagonica",2
"3",1,"Control","2025","Control3","Nassella tenuis",26
"3",1,"Control","2025","Control3","Poa lanuginosa",0
"3",1,"Control","2025","Control3","Vicia pampicola",0
"5",3,"Exclosure","2025","Exclosure5","Sporobolus rigens",5
"5",3,"Exclosure","2025","Exclosure5","Noticastrum sericeum",10
"5",3,"Exclosure","2025","Exclosure5","Panicum urvilleanum",1
"5",3,"Exclosure","2025","Exclosure5","Hoffmannseggia trifoliata",0
"5",3,"Exclosure","2025","Exclosure5","Plantago patagonica",0
"5",3,"Exclosure","2025","Exclosure5","Nassella tenuis",50
"5",3,"Exclosure","2025","Exclosure5","Poa lanuginosa",3
"5",3,"Exclosure","2025","Exclosure5","Vicia pampicola",0
"5",4,"Partial","2025","Partial5","Sporobolus rigens",4
"5",4,"Partial","2025","Partial5","Noticastrum sericeum",6
"5",4,"Partial","2025","Partial5","Panicum urvilleanum",0
"5",4,"Partial","2025","Partial5","Hoffmannseggia trifoliata",0
"5",4,"Partial","2025","Partial5","Plantago patagonica",0
"5",4,"Partial","2025","Partial5","Nassella tenuis",30
"5",4,"Partial","2025","Partial5","Poa lanuginosa",2
"5",4,"Partial","2025","Partial5","Vicia pampicola",0
"5",1,"Control","2025","Control5","Sporobolus rigens",4
"5",1,"Control","2025","Control5","Noticastrum sericeum",1
"5",1,"Control","2025","Control5","Panicum urvilleanum",0
"5",1,"Control","2025","Control5","Hoffmannseggia trifoliata",0
"5",1,"Control","2025","Control5","Plantago patagonica",1
"5",1,"Control","2025","Control5","Nassella tenuis",8
"5",1,"Control","2025","Control5","Poa lanuginosa",1
"5",1,"Control","2025","Control5","Vicia pampicola",0
"6",3,"Exclosure","2025","Exclosure6","Sporobolus rigens",3
"6",3,"Exclosure","2025","Exclosure6","Noticastrum sericeum",40
"6",3,"Exclosure","2025","Exclosure6","Panicum urvilleanum",0
"6",3,"Exclosure","2025","Exclosure6","Hoffmannseggia trifoliata",2
"6",3,"Exclosure","2025","Exclosure6","Plantago patagonica",0
"6",3,"Exclosure","2025","Exclosure6","Nassella tenuis",3
"6",3,"Exclosure","2025","Exclosure6","Poa lanuginosa",35
"6",3,"Exclosure","2025","Exclosure6","Vicia pampicola",0
"6",4,"Partial","2025","Partial6","Sporobolus rigens",2
"6",4,"Partial","2025","Partial6","Noticastrum sericeum",20
"6",4,"Partial","2025","Partial6","Panicum urvilleanum",0
"6",4,"Partial","2025","Partial6","Hoffmannseggia trifoliata",0
"6",4,"Partial","2025","Partial6","Plantago patagonica",1
"6",4,"Partial","2025","Partial6","Nassella tenuis",1
"6",4,"Partial","2025","Partial6","Poa lanuginosa",15
"6",4,"Partial","2025","Partial6","Vicia pampicola",0
"6",1,"Control","2025","Control6","Sporobolus rigens",5
"6",1,"Control","2025","Control6","Noticastrum sericeum",3
"6",1,"Control","2025","Control6","Panicum urvilleanum",0
"6",1,"Control","2025","Control6","Hoffmannseggia trifoliata",0
"6",1,"Control","2025","Control6","Plantago patagonica",2
"6",1,"Control","2025","Control6","Nassella tenuis",20
"6",1,"Control","2025","Control6","Poa lanuginosa",0
"6",1,"Control","2025","Control6","Vicia pampicola",0
